{
  "type": "prediction",
  "label": "anxiety_rendah",
  "confidence": 0.9689,
  "prob_high": 0.0311,
  "prob_low": 0.9689,
  "n_windows": 0,
  "n_frames": 22,
  "warning": "No apex windows detected; using full clip.",
  "face_bboxes": [
    null,
    null,
    null,
    null,
    null,
    null,
    null,
    null,
    null,
    null,
    null,
    null,
    null,
    null,
    null,
    null,
    null,
    null,
    null,
    {
      "x": 0.4942368268966675,
      "y": 0.37596508860588074,
      "width": 0.10375076532363892,
      "height": 0.22230520844459534
    },
    null,
    {
      "x": 0.4976826608181,
      "y": 0.3453945517539978,
      "width": 0.10623815655708313,
      "height": 0.2338104248046875
    }
  ],
  "magnitudes": [
    0.0,
    0.0,
    0.0,
    0.0,
    0.0,
    0.0,
    0.0,
    0.0,
    0.0,
    0.0,
    0.0,
    0.0,
    0.0,
    0.0,
    0.0,
    0.0,
    0.0,
    0.0,
    0.0,
    0.0,
    4.2735450744628904
  ],
  "smoothed_magnitudes": [
    0.0,
    0.0,
    0.0,
    0.0,
    0.0,
    0.0,
    0.0,
    0.0,
    0.0,
    0.0,
    0.0,
    0.0,
    0.0,
    0.0,
    0.0,
    0.0,
    0.0,
    0.0,
    -0.3663038635253909,
    1.0989115905761726,
    3.785139923095705
  ],
  "detected_phases": [],
  "latency_ms": 81.69,
  "webrtc_latency_avg_ms": 0.0,
  "webrtc_latency_max_ms": 0.0,
  "landmark_latency_avg_ms": 5.31,
  "landmark_latency_max_ms": 24.37,
  "flow_latency_avg_ms": 5.89,
  "flow_latency_max_ms": 37.02,
  "spotting_latency_ms": 0.79,
  "model_inference_latency_ms": 9.36,
  "fps": 269.31,
  "detection_id": "1e7504ad86554737be7fc7fa4c0d1f1b"
}