{
  "type": "prediction",
  "label": "anxiety_rendah",
  "confidence": 0.9606,
  "prob_high": 0.0394,
  "prob_low": 0.9606,
  "n_windows": 0,
  "n_frames": 22,
  "warning": "No apex windows detected; using full clip.",
  "face_bboxes": [
    {
      "x": 0.47434863448143005,
      "y": 0.31244733929634094,
      "width": 0.15445485711097717,
      "height": 0.3163561522960663
    },
    {
      "x": 0.48735564947128296,
      "y": 0.3287017345428467,
      "width": 0.1377314329147339,
      "height": 0.2713583707809448
    },
    null,
    null,
    null,
    null,
    null,
    null,
    null,
    null,
    null,
    null,
    null,
    null,
    null,
    null,
    null,
    null,
    null,
    null,
    null,
    null
  ],
  "magnitudes": [
    0.9530485549010337,
    0.0,
    0.0,
    0.0,
    0.0,
    0.0,
    0.0,
    0.0,
    0.0,
    0.0,
    0.0,
    0.0,
    0.0,
    0.0,
    0.0,
    0.0,
    0.0,
    0.0,
    0.0,
    0.0,
    0.0
  ],
  "smoothed_magnitudes": [
    0.8441287200552021,
    0.2450696284031234,
    -0.08168987613437438,
    0.0,
    0.0,
    0.0,
    0.0,
    0.0,
    0.0,
    0.0,
    0.0,
    0.0,
    0.0,
    0.0,
    0.0,
    0.0,
    0.0,
    0.0,
    0.0,
    0.0,
    0.0
  ],
  "detected_phases": [],
  "latency_ms": 28.33,
  "webrtc_latency_avg_ms": 0.0,
  "webrtc_latency_max_ms": 0.0,
  "landmark_latency_avg_ms": 5.84,
  "landmark_latency_max_ms": 35.03,
  "flow_latency_avg_ms": 4.92,
  "flow_latency_max_ms": 20.7,
  "spotting_latency_ms": 0.79,
  "model_inference_latency_ms": 10.03,
  "fps": 776.56,
  "detection_id": "aaa4a7ee00194de789d2b976f42e948e"
}