{
  "type": "prediction",
  "label": "anxiety_rendah",
  "confidence": 0.9578,
  "prob_high": 0.0422,
  "prob_low": 0.9578,
  "n_windows": 0,
  "n_frames": 22,
  "warning": "No apex windows detected; using full clip.",
  "face_bboxes": [
    {
      "x": 0.4912011921405792,
      "y": 0.41263315081596375,
      "width": 0.13375911116600037,
      "height": 0.2813384234905243
    },
    {
      "x": 0.49346014857292175,
      "y": 0.4180561900138855,
      "width": 0.12466338276863098,
      "height": 0.2668852210044861
    },
    {
      "x": 0.500183641910553,
      "y": 0.4493917226791382,
      "width": 0.11205071210861206,
      "height": 0.2464073896408081
    },
    null,
    {
      "x": 0.5057209134101868,
      "y": 0.5059663653373718,
      "width": 0.09927046298980713,
      "height": 0.2178797721862793
    },
    null,
    null,
    null,
    null,
    null,
    null,
    null,
    null,
    null,
    null,
    null,
    null,
    null,
    null,
    null,
    {
      "x": 0.5090290904045105,
      "y": 0.556336522102356,
      "width": 0.09085196256637573,
      "height": 0.20058703422546387
    },
    {
      "x": 0.504572331905365,
      "y": 0.5204544067382812,
      "width": 0.09828251600265503,
      "height": 0.2291114330291748
    }
  ],
  "magnitudes": [
    1.51125009059906,
    1.644867515563965,
    0.0,
    0.0,
    0.0,
    0.0,
    0.0,
    0.0,
    0.0,
    0.0,
    0.0,
    0.0,
    0.0,
    0.0,
    0.0,
    0.0,
    0.0,
    0.0,
    0.0,
    0.0,
    0.0
  ],
  "smoothed_magnitudes": [
    1.7615017271041864,
    0.9995579576492308,
    0.43441885471343966,
    -0.1409886441911971,
    0.0,
    0.0,
    0.0,
    0.0,
    0.0,
    0.0,
    0.0,
    0.0,
    0.0,
    0.0,
    0.0,
    0.0,
    0.0,
    0.0,
    0.0,
    0.0,
    0.0
  ],
  "detected_phases": [],
  "latency_ms": 44.09,
  "webrtc_latency_avg_ms": 0.61,
  "webrtc_latency_max_ms": 4.27,
  "landmark_latency_avg_ms": 9.87,
  "landmark_latency_max_ms": 31.56,
  "flow_latency_avg_ms": 6.66,
  "flow_latency_max_ms": 30.0,
  "spotting_latency_ms": 0.62,
  "model_inference_latency_ms": 10.3,
  "fps": 498.98,
  "detection_id": "5c8a417152cf435a9ffd91095385f603"
}