{
  "type": "prediction",
  "label": "anxiety_tinggi",
  "confidence": 0.9782,
  "prob_high": 0.9782,
  "prob_low": 0.0218,
  "n_windows": 1,
  "n_frames": 22,
  "warning": null,
  "face_bboxes": [
    null,
    null,
    null,
    null,
    null,
    null,
    null,
    null,
    {
      "x": 0.4766528010368347,
      "y": 0.3704826831817627,
      "width": 0.17879259586334229,
      "height": 0.38421905040740967
    },
    {
      "x": 0.47687193751335144,
      "y": 0.3676200211048126,
      "width": 0.17772087454795837,
      "height": 0.38822057843208313
    },
    {
      "x": 0.47496840357780457,
      "y": 0.3664640188217163,
      "width": 0.1790275275707245,
      "height": 0.3876851201057434
    },
    {
      "x": 0.47525638341903687,
      "y": 0.36702626943588257,
      "width": 0.17895901203155518,
      "height": 0.3870505690574646
    },
    null,
    null,
    null,
    null,
    null,
    null,
    null,
    null,
    null,
    null
  ],
  "magnitudes": [
    0.0,
    0.0,
    0.0,
    0.0,
    0.0,
    0.0,
    0.0,
    4.002013606578112,
    0.5757151530124247,
    0.9557142795994877,
    0.34649758487939836,
    0.0,
    0.0,
    0.0,
    0.0,
    0.0,
    0.0,
    0.0,
    0.0,
    0.0,
    0.0
  ],
  "smoothed_magnitudes": [
    0.0,
    0.0,
    0.0,
    0.0,
    0.0,
    -0.3430297377066956,
    1.32277193771143,
    2.0593048659765287,
    1.9497256994486913,
    0.437361565375966,
    0.44662528111732414,
    0.03688080513583754,
    -0.02969979298966274,
    0.0,
    0.0,
    0.0,
    0.0,
    0.0,
    0.0,
    0.0,
    0.0
  ],
  "detected_phases": [
    {
      "onset": 5,
      "apex": 7,
      "offset": 7
    }
  ],
  "latency_ms": 33.53,
  "webrtc_latency_avg_ms": 3.47,
  "webrtc_latency_max_ms": 69.81,
  "landmark_latency_avg_ms": 8.69,
  "landmark_latency_max_ms": 37.97,
  "flow_latency_avg_ms": 8.06,
  "flow_latency_max_ms": 32.86,
  "spotting_latency_ms": 0.6,
  "model_inference_latency_ms": 9.84,
  "fps": 656.13,
  "detection_id": "8a3602cb5e8845d1b33946364ef6d370"
}