{
  "type": "prediction",
  "label": "anxiety_rendah",
  "confidence": 0.8651,
  "prob_high": 0.1349,
  "prob_low": 0.8651,
  "n_windows": 0,
  "n_frames": 22,
  "warning": "No apex windows detected; using full clip.",
  "face_bboxes": [
    {
      "x": 0.4245622158050537,
      "y": 0.18636099994182587,
      "width": 0.2648128867149353,
      "height": 0.591893807053566
    },
    {
      "x": 0.37563812732696533,
      "y": 0.2451205551624298,
      "width": 0.26423680782318115,
      "height": 0.5880143344402313
    },
    {
      "x": 0.34099745750427246,
      "y": 0.29241544008255005,
      "width": 0.2666184902191162,
      "height": 0.602610170841217
    },
    null,
    null,
    null,
    null,
    null,
    null,
    null,
    null,
    null,
    null,
    null,
    null,
    null,
    null,
    null,
    null,
    null,
    null,
    null
  ],
  "magnitudes": [
    0.0,
    0.0,
    0.0,
    0.0,
    0.0,
    0.0,
    0.0,
    0.0,
    0.0,
    0.0,
    0.0,
    0.0,
    0.0,
    0.0,
    0.0,
    0.0,
    0.0,
    0.0,
    0.0,
    0.0,
    0.0
  ],
  "smoothed_magnitudes": [
    0.0,
    0.0,
    0.0,
    0.0,
    0.0,
    0.0,
    0.0,
    0.0,
    0.0,
    0.0,
    0.0,
    0.0,
    0.0,
    0.0,
    0.0,
    0.0,
    0.0,
    0.0,
    0.0,
    0.0,
    0.0
  ],
  "detected_phases": [],
  "latency_ms": 37.37,
  "webrtc_latency_avg_ms": 205.69,
  "webrtc_latency_max_ms": 207.41,
  "landmark_latency_avg_ms": 5.44,
  "landmark_latency_max_ms": 29.87,
  "flow_latency_avg_ms": 3.76,
  "flow_latency_max_ms": 5.07,
  "spotting_latency_ms": 1.54,
  "model_inference_latency_ms": 3.76,
  "detection_id": "51d41c3a1714441188edabc0cb2347d6"
}